<odoo>
    <data>
        <record id="email_template_hotel_reservations" model="mail.template">
            <field name="name">Réservation-Envoyer par email</field>
            <field name="model_id" ref="dzhotel.model_hotel_reservations"/>
            <field name="model_id" ref="dzhotel.model_hotel_salle_reservations"/>
            <field name="model_id" ref="dzhotel.model_hotel_restaurant_reservations"/>
            <field name="auto_delete" eval="True"/>
            <field name="email_from">${object.user_id.email_formatted}</field>
            <field name="email_to">${ctx['email_to']|safe}</field>
            <field name="subject">email Resu</field>
            <field name="auto_delete" eval="True"/>
            <field name="user_signature" eval="False"/>
            <!--<field name="body_html">
                <![CDATA[
                <div style="margin: 0px; padding: 0px;">
                    <p style="margin: 0px; padding: 0px; font-size: 13px;">
                        Réf : numéro de réservation:<strong>${object.reservation_num}</strong>,<br/><br/>
                        Objet : Confirmation de réservation<br/><br/>
                        Madame/Mensieur,<br/><br/>
                        Nous avons accusons réception de la demande de réservation que vous avez effectuée pour une chambre de type<br/><br/>
                        Nous avons pris bonne notre que votre arrivée est prévue pour le.... . La reservation a été faite jusqu'au. .... pour........ personnes et............ enfants.<br/><br/>
                        Afin de confirmer la réservation, je vous demande de m'apporter....... dinars lors de votre arrivée à l'hôtel.<br/><br/>
                        Veuillez agréer Madame/Monsieur, l'expression de nos sincéres salutaions.<br/><br/>
                    </p>
                </div>
                ]]>
            <</field>-->
        </record> 
    </data>
</odoo>





