id,name,model_id:id,group_id:id,perm_read,perm_write,perm_create,perm_unlink
access_dzhotel_dzhotel,dzhotel.dzhotel,model_hotel_reservations,,1,1,1,1
client,client,model_hotel_clients,,1,1,1,1
chambres,chambres,model_hotel_chambres,,1,1,1,1
salles,salles,model_hotel_salles,,1,1,1,1
hotel.restaurant.reservations,hotel.restaurant.reservations,model_hotel_restaurant_reservations,,1,1,1,1
hotel.restaurant.tabless,hotel.restaurant.tabless,model_hotel_restaurant_tabless,,1,1,1,1
hotel.salle.reservations,hotel.salle.reservations,model_hotel_salle_reservations,,1,1,1,1
orders,orders,model_hotel_restaurant_orders,,1,1,1,1
hotel.carte_menu,hotel.carte_menu,model_hotel_carte_menu,,1,1,1,1
hotel.facturation.chambre,hotel.facturation.chambre,model_hotel_facturation_chambre,,1,1,1,1
hotel.facturation.salle,hotel.facturation.salle,model_hotel_facturation_salle,,1,1,1,1
hotel.facturation.commande,hotel.facturation.commande,model_hotel_facturation_commande,,1,1,1,1
reservation.chambre.ligne,reservation.chambre.ligne,model_reservation_chambre_ligne,,1,1,1,1
reservation.salle.ligne,reservation.salle.ligne,model_reservation_salle_ligne,,1,1,1,1
reservation.table.ligne,reservation.table.ligne,model_reservation_table_ligne,,1,1,1,1
reservation.commande.ligne,reservation.commande.ligne,model_reservation_commande_ligne,,1,1,1,1

